1,bag,https://uk.louisvuitton.com/images/is/image/lv/1/PP_VP_L/louis-vuitton--M43186_PM2_Front%20view.jpg?wid=640&hei=640
2,brick,https://img.pngio.com/brick-wall-png-vector-psd-and-clipart-with-transparent-brick-wall-png-260_261.png
3,green pattern,https://mcdn.wallpapersafari.com/medium/77/72/2dwRtY.jpg
4,illusion,https://previews.123rf.com/images/shottythefirst/shottythefirst1512/shottythefirst151200020/50224129-colorful-transparent-glass-texture-hi-tech-flyer-bizarre-fine-art-colored-shapes-pic-shiny-lines-pat.jpg
5,Christmas ,https://image.freepik.com/free-vector/funny-christmas-pattern_23-2148373223.jpg
6, cool ,https://i.pinimg.com/236x/bc/15/b4/bc15b4e5bb4a1fb98afe2edb297c9f84--cool-patterns-graphic-design-typography.jpg
7, circles,https://previews.123rf.com/images/olegganko/olegganko1704/olegganko170400124/75473714-cool-seamless-pattern-abstract-spiral-psychedelic-art-background-ve.jpg
8, blue green,https://img.wallpaper.sc/ipad/images/2448x2448/ipad-2448x2448-wallpaper_01344.jpg
9, Oranges ,https://ecdn.teacherspayteachers.com/thumbitem/Cool-Citrus-Digital-Lemon-Patterns-1357487-1438744511/original-1357487-2.jpg
10, red orage ,https://img.wallpaper.sc/ipad/images/2448x2448/ipad-2448x2448-wallpaper_01335.jpg
